Mixture;B cells;CD4 Naive;CD4 Memory;CD8 Naive;CD8 Memory;CD8 Effector;Treg cell;Th cell;Monocytes CD16;Monocytes CD14;DC;NK
TCGA-EB-A4IQ-01A-12R-A266-07;0.048393953;0;0;0.185900626;0.013054032;0;0;0.369158842;0.328496743;0;0;0.003099634
TCGA-FS-A4F5-06A-11R-A266-07;0;0.00110482;0.410980737;0;0;0.002500163;0.059676807;0.215123054;0;0.106757365;0.003893703;0.004781845
TCGA-EB-A4P0-01A-41R-A266-07;0.020150764;0;0.272360791;0;0;0.008219057;0;0.449562333;0;0.056943415;0.01307606;0
TCGA-EB-A44R-06A-41R-A266-07;0.054503727;0.114569991;0;0;0;0.022822782;0;0.284882067;0;0.028227835;0.10642798;0
TCGA-FS-A4F8-06A-11R-A266-07;0.115630859;0;0.075265283;0;0.03932421;0.005406289;0;0.471161738;0;0;0.069866662;0
TCGA-FS-A4FB-06A-11R-A266-07;0;0;0.269550895;0;0;0.006789058;0;0.398978882;0;0.094460211;0;0.000632281
TCGA-EB-A44Q-06A-11R-A266-07;0.019096562;0.272413718;0.134044967;0;0;0.032611289;0;0.053938096;0;0;0.239146611;0
TCGA-FS-A4F4-06A-12R-A266-07;0.142462369;0;0;0;0;0.017323565;0.228182737;0.037727472;0;0;0.382848969;0
TCGA-FS-A4FD-06A-11R-A266-07;0.009445587;0.007531406;0.042915909;0.037724087;0;0;0;0.705752059;0.000757316;0;0.000898525;0.000101756
TCGA-EB-A4OY-01A-11R-A266-07;0;0;0;0.202930491;0;0;0.416202188;0.138562403;0.002387542;0;0;0.002848016
TCGA-EB-A4OZ-01A-12R-A266-07;0.091692223;0.063972377;0.04184265;0;0;0.027705257;0.213252827;0;0.179584427;0;0.284026059;0.009710661
TCGA-EB-A4IS-01A-21R-A266-07;0.149526981;0.053022772;0.159232062;0;0;0.029517735;0;0.123864686;0;0.067985353;0.130580305;0
TCGA-BF-A5EP-01A-12R-A27Q-07;0;0;0.158444111;0.15847913;0;0;0;0.331297689;0;0.039169101;0;0.001329992
TCGA-BF-A5EQ-01A-21R-A27Q-07;0;0;0.220427284;0.042770592;0;0;0;0.168046104;0;0;0.208862298;0
TCGA-BF-A5EO-01A-12R-A27Q-07;0.022086765;0;0.272083272;0.07768217;0;0;0.040470649;0.06585868;0.058112461;0;0.275157393;0.005561408
TCGA-BF-A5ER-01A-12R-A27Q-07;0;0;0.058112524;0.299131574;0;0;0.147968473;0.305578894;0.002440268;0.013574974;0;0.006364763
TCGA-BF-A5ES-01A-11R-A27Q-07;0;0;0.233876474;0;0;0.003190399;0.107737372;0.091928576;0;0.084901039;0.022224212;0.001536871
TCGA-D3-A5GL-06A-11R-A27Q-07;0;0;0.427111078;0;0;0.008672682;0;0.252689182;0;0.075264424;0;0.000888948
TCGA-D3-A5GN-06A-11R-A27Q-07;0.14802666;0.235752997;0.156367365;0;0;0.041727957;0;0.237570613;0;0;0.085590146;0
TCGA-D3-A5GR-06A-11R-A27Q-07;0.064460883;0.179527483;0.108395531;0;0;0.020793356;0;0.289050658;0;0;0.194463441;0
TCGA-D3-A5GO-06A-12R-A27Q-07;0;0.049998781;0.287916709;0;0;0.010396028;0;0.15630434;0;0.057063947;0.341560868;0
TCGA-D3-A5GS-06A-11R-A27Q-07;0;0.184575244;0.107680945;0;0;0.015330448;0;0.190024596;0;0.073578392;0.209883103;0
TCGA-D3-A5GU-06A-11R-A27Q-07;0.056125003;0.04064962;0;0;0.169461959;0.024417831;0;0.352948957;0;0;0.114396545;0
TCGA-D3-A51F-06A-11R-A266-07;0;0.060666651;0.065032164;0;0;0.143427349;0;0.116260198;0;0.091268325;0.376400559;0
TCGA-D3-A51G-06A-11R-A266-07;0;0.132211363;0.257140118;0;0;0.01303145;0;0.267127057;0;0;0.18344844;0.000246793
TCGA-D9-A4Z5-01A-11R-A266-07;0;0;0.170687855;0;0;0;0;0.461077218;0;0.001864397;0.222510791;0.004356818
TCGA-D9-A4Z3-01A-11R-A266-07;0.031070333;0;0.038302592;0.278425087;0;0;0;0.610385815;0;0;0;0.001662641
TCGA-EB-A44P-01A-11R-A266-07;0;0;0.224608405;0;0;0;0;0.43682862;0;0.091254511;0.079545346;0
TCGA-EB-A44N-01A-11R-A266-07;0.085647146;0.025602674;0.176476212;0;0;0.013156368;0;0.36429047;0.148358941;0;0;0
TCGA-EB-A431-01A-11R-A266-07;0;0;0.322838684;0;0;0.00351505;0;0.395210676;0;0;0;0.003022454
TCGA-EB-A44O-01A-11R-A266-07;0;0.067301047;0.252676509;0;0;0.005766862;0;0.318669257;0;0;0.154358188;0.007762308
TCGA-EB-A5KH-06A-11R-A27Q-07;0;0;0.016733227;0.409402069;0;0;0;0.412245229;0;0;0.102627988;0.006993552
TCGA-D3-A51J-06A-11R-A266-07;0.03793928;0.112901976;0;0;0.043448986;0.019634356;0;0.130122648;0;0.192944376;0.127944853;0
TCGA-D3-A51E-06A-11R-A266-07;0.115234472;0.000125043;0.385138776;0;0;0.013056156;0;0.046478585;0;0.003687306;0.11326153;0
TCGA-D3-A51H-06A-12R-A266-07;0.152185543;0.108855938;0;0;0.131017489;0.003707401;0.053894797;0.267523954;0;0.108602171;0.060648622;0
TCGA-D3-A51K-06A-11R-A266-07;0.036553296;0.001453355;0.1850123;0.143826504;0;0.020384995;0.157987396;0.18948824;0;0;0.210585746;0.018551243
TCGA-D3-A51R-06A-11R-A266-07;0.018539275;0.25013244;0.122912814;0;0;0.010916563;0;0.518927611;0;0;0;0
TCGA-D3-A51N-06A-11R-A266-07;0.083364065;0.011591759;0.081282617;0;0;0;0;0.183276883;0;0.27154614;0.066589244;0
TCGA-D3-A51T-06A-11R-A266-07;0.050713147;0;0.196635453;0;0;0.003734271;0;0.210091873;0;0.040691336;0.111426181;0.004072921
TCGA-D9-A4Z6-06A-12R-A266-07;0;0;0.358962527;0.044828134;0;0;0;0.309211554;0;0;0;0.002604997
TCGA-EB-A51B-01A-11R-A27Q-07;0;0;0.246536945;0;0.037144923;0;0;0.261257761;0;0;0.163857107;0
TCGA-FW-A5DX-01A-11R-A27Q-07;0;0.141985182;0.365493515;0;0;0.003770673;0;0.268006981;0;0;0;0
TCGA-EB-A553-01A-12R-A27Q-07;0;0.024958691;0.443872548;0.086885741;0;0.007414554;0.112229018;0;0;0;0.232742775;0.027644219
TCGA-EB-A5FP-01A-11R-A27Q-07;0;0.166840961;0.256126263;0;0;0.015504415;0;0.2806342;0.057424008;0.011042987;0;0.002519785
TCGA-EB-A550-01A-61R-A27Q-07;0.069435202;0;0.332659811;0;0;0;0;0.403134372;0.115738601;0;0;0
TCGA-EB-A551-01A-21R-A27Q-07;0;0.1286703;0.155577528;0;0;0.030782621;0;0.212657793;0;0.05525422;0.252797623;0
TCGA-EB-A4XL-01A-11R-A27Q-07;0;0;0.105834985;0.126754236;0.028706077;0.000314763;0;0.465784965;0.093646188;0;0;0
TCGA-HR-A5NC-01A-11R-A27Q-07;0;0.154880437;0.09117655;0;0;0.005280114;0;0.258922973;0.115181914;0.109819403;0;0
TCGA-EB-A42Z-01A-12R-A24X-07;0;0.131871903;0.155679401;0;0.092159001;0;0;0.168162769;0;0.054183604;0.167653908;0
TCGA-EB-A430-01A-11R-A24X-07;0;0;0.457852303;0;0;0.00684053;0;0.265932934;0;0.012335879;0;0
TCGA-EB-A41B-01A-11R-A24X-07;0;0.076574258;0.110848219;0;0;0.009606706;0;0.671507066;0.004348104;0;0;0
TCGA-EB-A42Y-01A-12R-A24X-07;0;0;0.285554561;0;0;0.005901821;0;0.506991501;0;0.020936286;0;0
TCGA-ER-A42H-01A-11R-A24X-07;0.057886421;0.02608466;0.211051407;0.080276037;0;0.012729783;0;0.4771562;0;0;0;0.003681676
TCGA-D9-A4Z2-01A-11R-A24X-07;0;0;0.219840122;0.316966497;0;0;0;0.198187012;0;0.086167611;0.001895898;0
TCGA-FS-A4F0-06A-11R-A24X-07;0.015185842;0.011833306;0.273297645;0;0.066669015;0.006133421;0;0.457719784;0;0.11118896;0;0
TCGA-GF-A4EO-06A-12R-A24X-07;0.006575268;0.211369974;0;0;0.002621232;0.079513178;0;0.178115245;0;0.047532561;0.120579619;0
TCGA-ER-A42L-06A-11R-A24X-07;0.038598132;0.122107766;0;0;0;0.053395224;0.063524352;0.130607717;0.00345963;0.216958772;0;0
TCGA-FR-A44A-06A-11R-A24X-07;0.064960253;0.204372659;0.029646848;0;0;0.065086949;0;0.135199414;0;0;0.211614482;0
TCGA-FS-A4FC-06A-11R-A24X-07;0;0;0.388274695;0;0;0.006277359;0;0.357483514;0;0.103513517;0;0
TCGA-FS-A4F9-06A-11R-A24X-07;0;0.011998718;0.279950704;0;0;0.012404045;0;0.476117345;0.000113257;0;0;0
TCGA-EB-A3Y6-01A-21R-A239-07;0;0.101678423;0.406777837;0;0;0.010281013;0;0.229465328;0.003973622;0.015139685;0;0.001981184
TCGA-EB-A3XC-01A-11R-A239-07;0;0.111979463;0.224293679;0;0;0.021807662;0;0.351874681;0.10250546;0;0;0
TCGA-D9-A3Z4-01A-11R-A239-07;0;0.007155033;0.300445859;0;0.014800073;0;0;0.260570562;0;0.102249143;0.009641771;0
TCGA-EB-A3XB-01A-11R-A239-07;0;0.17101214;0.224011596;0;0;0.026751241;0;0.178959085;0;0;0.1679064;0
TCGA-EB-A3XF-01A-31R-A239-07;0;0.030519755;0.383328072;0;0;0.016441307;0;0.163666655;0.075310597;0.046756014;0.040297274;0.007613435
TCGA-EB-A3XE-01A-12R-A239-07;0.081267188;0;0.013577508;0;0;0.012700559;0;0.341841637;0.170270389;0;0.124341341;0.001965996
TCGA-GF-A3OT-06A-23R-A239-07;0;0.010277783;0.450209033;0;0;0.010567866;0;0.253835592;0;0;0.18016998;0.002787995
TCGA-EB-A3XD-01A-22R-A239-07;0.195178767;0.037217375;0;0;0;0.020145647;0;0.377495654;0;0;0.131765715;0
TCGA-EB-A3Y7-01A-11R-A239-07;0;0.165876561;0.383518492;0;0;0.031907818;0.110057455;0;0;0.018506545;0.200424053;0.008332429
TCGA-HR-A2OH-06A-11R-A18U-07;0;0.01610097;0.083582332;0;0;0.107159117;0;0.056280367;0;0.024466216;0.409268217;0
TCGA-FR-A3YO-06A-11R-A239-07;0.082942763;0;0.187650046;0.074247427;0;0.03053187;0.366950964;0.023224585;0.003693846;0.029781753;0;0.008965405
TCGA-FR-A3YN-06A-11R-A239-07;0;0.347331502;0.112322055;0;0;0.012857929;0;0.098011192;0;0;0.103116095;0
TCGA-FW-A3R5-06A-11R-A239-07;0;0.131564686;0.438607392;0;0;0;0;0.167317649;0;0.041229298;0.041161645;0.020690004
TCGA-FW-A3TV-06A-11R-A239-07;0;0.326206723;0.201228251;0;0;0.017124793;0;0.138160712;0;0.044974449;0.076120366;0.001175984
TCGA-FW-A3TU-06A-11R-A239-07;0.218008402;0;0.010175483;0.27614363;0;0.019529628;0.145046978;0.067804019;0;0;0.209219379;0.002617412
TCGA-D9-A3Z3-06A-11R-A239-07;0;0.373302866;0.019039562;0;0;0.063950085;0;0.071263215;0;0;0.207575281;0
TCGA-ER-A19W-06A-41R-A239-07;0;0.182838355;0.218867662;0;0;0.093354567;0;0.079884261;0;0;0.269165536;0.003448192
TCGA-D9-A3Z1-06A-11R-A239-07;0;0.241954205;0.235483903;0;0;0.043304887;0.069629647;0.004942755;0;0;0.173456868;0
TCGA-ER-A19M-06A-61R-A239-07;0.127641301;0;0.422384306;0;0;0.008512612;0;0.039141606;0;0;0.107873154;0
TCGA-ER-A3PL-06A-11R-A239-07;0.057271847;0.32931319;0.111326023;0;0;0.019039607;0;0.382703932;0.004483396;0;0;0
TCGA-FR-A3R1-01A-11R-A239-07;0;0.227551942;0.085050613;0;0;0.054133247;0;0.190206105;0;0;0.237513964;0
TCGA-EE-A3JH-06A-11R-A21D-07;0;0.124070213;0;0;0.024776798;0.053156239;0.050144419;0.002818902;0;0.070357839;0.226461521;0
TCGA-ER-A3ET-06A-11R-A20F-07;0.024068601;0.15478852;0.079798211;0;0;0.041189941;0;0.340201351;0;0.034101613;0.151602549;0
TCGA-BF-A3DL-01A-11R-A20F-07;0;0;0.299062888;0.185176167;0;0.002045333;0.229757432;0.087444523;0;0.028878102;0.045861261;0.006824225
TCGA-BF-A3DN-01A-11R-A20F-07;0.005861546;0.243672988;0.231653303;0;0;0.011419202;0;0.376925427;0;0.022376142;0;0
TCGA-EE-A3JI-06A-11R-A21D-07;0;0;0.016810115;0.402797445;0.087123435;0;0;0.39878964;0;0;0.000452335;0
TCGA-EB-A3HV-01A-11R-A21D-07;0.108306498;0.045124319;0;0;0;0.00951823;0;0.396741779;0.183773818;0;0;0
TCGA-FR-A2OS-01A-11R-A21D-07;0;0;0.147508046;0;0;0;0;0.363273048;0;0.110950506;0;0
TCGA-BF-A3DM-01A-11R-A20F-07;0;0.131146238;0.346317031;0;0;0.00440132;0;0.371896524;0;0.041357249;0.004670736;0.005910594
TCGA-BF-A3DJ-01A-11R-A20F-07;0;0.322775097;0;0;0;0.011689528;0;0.088266972;0.1480405;0.196578152;0;0
TCGA-EE-A3JD-06A-11R-A20F-07;0.007830903;0.231112408;0.171256352;0;0;0.044035212;0;0.276012517;0;0.0243502;0.102661122;0
TCGA-FW-A3I3-06A-11R-A21D-07;0.012143736;0.093851115;0.109515785;0;0;0.010854152;0;0.488522637;0.111260218;0;0;0.000160609
TCGA-D3-A3MV-06A-11R-A21D-07;0.048328858;0.085727519;0.329148675;0;0;0.010095321;0;0.434192949;0;0;0.005678119;0
TCGA-EE-A3JB-06A-11R-A21D-07;0;0.168802458;0.211040978;0;0;0.02261316;0;0.147381623;0;0.057709639;0.205567257;0
TCGA-D3-A3MR-06A-11R-A21D-07;0.0007183;0.07992493;0.285744957;0;0;0.049026119;0.16085696;0;0;0;0.283232074;0.005572067
TCGA-D3-A3MU-06A-11R-A21D-07;0.044729262;0.146191447;0.154464175;0;0;0.016960946;0;0.188223449;0;0;0.178228785;0
TCGA-EE-A3J5-06A-11R-A20F-07;0;0.234927336;0.255422132;0;0;0.005865276;0;0.128875937;0;0;0.188397139;0
TCGA-EE-A3J3-06A-11R-A20F-07;0.095004381;0;0.326229852;0;0;0.009959935;0;0.260854904;0;0.042419634;0;0.00019285
TCGA-EE-A2MF-06A-11R-A21D-07;0;0.185512465;0.221517104;0;0;0.014358832;0;0.352746264;0;0.048328356;0.059955114;0.003291442
TCGA-EE-A180-06A-11R-A21D-07;0;0.250044619;0.1512989;0.097219683;0;0.035695081;0.042266315;0.129153018;0;0.057649679;0;0.009282622
TCGA-DA-A3F5-06A-11R-A20F-07;0;0.025935182;0.471446094;0;0;0.01743884;0;0.235255738;0;0;0.171242932;0.005042748
TCGA-DA-A1I0-06A-11R-A20F-07;0.11554601;0;0.180174396;0;0;0;0.266382819;0.276534722;0;0.017636467;0.009139662;0.004762071
TCGA-ER-A3EV-06A-11R-A20F-07;0;0.142095501;0.328250234;0;0;0.007406967;0;0.370625051;0.000155391;0;0;0
TCGA-EE-A3JE-06A-11R-A20F-07;0;0.331157056;0.01520087;0;0;0.093422537;0;0.248630534;0;0.066597236;0.087406406;0
TCGA-EE-A3J8-06A-11R-A20F-07;0.006530454;0.101767888;0.147759337;0;0.084794078;0.013808875;0;0.544969077;0;0;0;0
TCGA-EE-A3JA-06A-11R-A20F-07;0;0.034125481;0.172505647;0;0;0.004287143;0;0.42353065;0;0.021789472;0.019058554;0
TCGA-D3-A3ML-06A-11R-A21D-07;0;0;0.235100692;0;0;0;0;0.622862479;0;0;0;0.000155379
TCGA-D3-A3MO-06A-11R-A21D-07;0;0.125185582;0.160836685;0.001277607;0;0.016737026;0;0.434984134;0;0.078797464;0.037275822;0.003631714
TCGA-ER-A3ES-06A-11R-A20F-07;0;0.055936008;0.158387944;0;0;0.003173657;0;0.65471258;0.000942993;0;0;0
TCGA-EE-A3J4-06A-11R-A20F-07;0;0;0.110811988;0.104691105;0.046008023;0;0;0.580356015;0;0;0.014671685;0.003119008
TCGA-EE-A3J7-06A-11R-A20F-07;0;0.095184681;0;0;0.023826854;0.004426668;0;0.697550889;0.004080453;0;0;0
TCGA-DA-A3F8-06A-11R-A20F-07;0;0.11946932;0.22763271;0;0;0.080526957;0;0.126021557;0;0.106264876;0.212618226;0.003313921
TCGA-EB-A24C-01A-11R-A18T-07;0;0;0.046530856;0.271865282;0.108347859;0;0;0.28383913;0.073506688;0.031666302;0;0
TCGA-FS-A1ZN-01A-11R-A18T-07;0.04335087;0.304988865;0.014291757;0;0;0.015718086;0;0.375698421;0.094395314;0.006134129;0;0
TCGA-ER-A2NF-01A-11R-A18T-07;0.023739709;0;0.079540367;0.156883035;0;0.005964768;0;0.509046041;0;0;0.054661242;0.001621241
TCGA-ER-A19K-01A-21R-A18T-07;0;0;0.434437279;0;0;0.014513102;0;0.33787584;0.023530728;0.013827505;0.01823442;0.001735675
TCGA-ER-A19T-06A-11R-A18U-07;0.149555385;0.055765579;0.252219929;0;0;0.017783785;0;0.215348823;0;0;0.063707532;0.003727776
TCGA-ER-A19G-06A-11R-A18U-07;0.009343336;0.196149906;0.069318406;0;0.023561735;0;0;0.354186395;0;0;0.092479936;0.007597099
TCGA-FS-A1Z3-06A-11R-A18T-07;0.065876568;0;0.351324757;0.053776522;0;0;0;0.437900413;0;0;0.000770216;0
TCGA-FS-A1ZC-06A-11R-A18T-07;0.068077574;0.272121542;0.09131336;0;0;0.020501629;0;0.519901163;0.000775173;0.010209159;0;0
TCGA-ER-A2ND-06A-11R-A18T-07;0.109726533;0;0.401198007;0;0;0.020249367;0.06346887;0.23555681;0;0;0.025942562;0
TCGA-ER-A19S-06A-11R-A18U-07;0.023048631;0.12957146;0.125894319;0;0.138687122;0.067053751;0;0.145803;0;0;0.124979647;0
TCGA-GN-A264-06A-11R-A18U-07;0.092775971;0;0.288105547;0.094424287;0;0;0;0.330570945;0;0;0.015897098;0.004862291
TCGA-GN-A265-06A-21R-A18T-07;0;0.231458735;0.006010863;0;0;0.01335417;0;0.186388292;0;0.051385438;0.145132989;0.000549121
TCGA-HR-A2OG-06A-21R-A18U-07;0.083345157;0.117021081;0.07494628;0;0;0.011039046;0;0.307103737;0;0.094882239;0.052087907;0
TCGA-ER-A19Q-06A-11R-A18U-07;0.040181947;0.056047952;0;0;0;0;0.065124373;0.060942978;0;0.08258888;0.272369634;0.00919951
TCGA-EE-A2MI-06A-11R-A18U-07;0;0.394481556;0.041679963;0;0;0.042819712;0;0.002581345;0;0;0.247825402;0
TCGA-ER-A1A1-06A-11R-A18U-07;0.263092045;0.059038977;0;0;0.173003635;0.042695632;0;0.241506134;0;0;0.072718392;0
TCGA-FS-A1ZQ-06A-11R-A18U-07;0;0.253033188;0;0;0;0.00097333;0.065276799;0.142375369;0;0;0.188775819;0.002087564
TCGA-FS-A1ZT-06A-11R-A18U-07;0.065203393;0.367017015;0;0;0;0.019105416;0;0.40443432;0;0;0.011759363;0
TCGA-D3-A2J7-06A-11R-A18T-07;0.006157952;0;0.359921168;0;0.013251502;0.004519609;0;0.182818365;0;0.200175364;0.021397006;0
TCGA-D3-A2JC-06A-11R-A18T-07;0.081536759;0.141878818;0.048212727;0;0;0.010590433;0;0.221772881;0;0.102253215;0.046993997;0
TCGA-D3-A1Q6-06A-11R-A18T-07;0;0;0.421644309;0;0;6.42E-05;0;0.324678176;0;0.125531545;0.073183113;0
TCGA-D3-A1Q5-06A-11R-A18T-07;0.059946139;0.099183451;0.228369076;0;0.07600062;0;0;0.403958769;0;0;0;0
TCGA-GN-A268-06A-11R-A18T-07;0;0;0.220240939;0.113386113;0;0.018543569;0;0.421954578;0;0;0;0.003522345
TCGA-GN-A267-06A-21R-A18T-07;0;0;0.110540893;0.056458315;0;0;0;0.56196044;0;0;0.044552797;0.000101277
TCGA-D3-A2JD-06A-11R-A18T-07;0.239421235;0;0;0;0;0.037323109;0.275218389;0.117871446;0;0;0.02560699;0
TCGA-EE-A2A1-06A-11R-A18T-07;0.063300329;0.081968809;0.058562171;0;0;0.006400515;0;0.299790473;0;0.023304251;0.060048251;0.001984849
TCGA-EE-A2A2-06A-11R-A18T-07;0.038103472;0.079314068;0.326439392;0;0;0.018542676;0;0.427002211;0;0;0.0092145;0.005134585
TCGA-D3-A2JA-06A-11R-A18T-07;0;0.318306446;0.086370096;0;0;0.018075545;0;0.096107;0;0.011757836;0.367869543;0
TCGA-EE-A29M-06A-11R-A18T-07;0.027522882;0.260054101;0.243641516;0;0;0;0;0.246416513;0;0;0.009488853;0.014500981
TCGA-EE-A2GD-06A-11R-A18T-07;0;0.368192226;0.108647664;0;0;0.005977697;0;0.079268544;0.000309462;0.18775449;0;0
TCGA-FS-A1ZR-06A-21R-A18U-07;0;0;0.349490146;0;0;0;0;0.401296408;0;0;0.033796809;0
TCGA-EE-A29P-06A-11R-A18T-07;0.041327033;0.174241778;0.067310439;0;0;0.096464162;0;0.111475526;0;0;0.251144339;0
TCGA-D3-A3CF-06A-11R-A18T-07;0.073454673;0.217593553;0.03075056;0;0;0.073962008;0.00509536;0.158177575;0;0.02206487;0.096417813;0
TCGA-EE-A2GC-06A-11R-A18T-07;0;0.146946624;0.224086109;0;0;0.013577365;0;0.032611487;0;0;0.217228992;0
TCGA-GN-A26A-06A-11R-A18T-07;0;0.158423468;0.23465926;0;0.02551952;0.022319958;0;0.252955991;0;0.00694013;0.206714254;0
TCGA-D3-A2JB-06A-11R-A18T-07;0.132275698;0.174043001;0.081731631;0;0;0.026198343;0.134359455;0.127219553;0;0;0.051287626;0
TCGA-DA-A1HW-06A-11R-A18U-07;0;0;0.15003722;0.148000037;0.045333711;0;0;0.204963879;0.001717805;0;0;0.001468842
TCGA-DA-A1I2-06A-21R-A18U-07;0;0;0.144716042;0;0.025609948;0;0;0.379901073;0;0.077998383;0.034044414;0
TCGA-EE-A20I-06A-11R-A18U-07;0.037472599;0;0.229797627;0;0;0.022727524;0;0.271977791;0;0.013544678;0;0.005420244
TCGA-EE-A17Y-06A-11R-A18T-07;0.003642251;0.022732638;0.245531611;0;0;0.00136251;0;0.539192472;0;0.049741541;0;0
TCGA-EE-A2GB-06A-11R-A18T-07;0;0.225463827;0.093850887;0;0;0.022999155;0;0.353728754;0;0.027147773;0.006023987;0
TCGA-ER-A19A-06A-21R-A18U-07;0;0.235256897;0;0;0.07197304;0.013678636;0.012160723;0.073738812;0;0.125787571;0.217744326;0
TCGA-EE-A2GI-06A-11R-A18T-07;0.200264805;0.008477929;0;0;0;0.031120079;0;0.337290661;0;0;0.175459215;0
TCGA-EE-A2GR-06A-11R-A18S-07;0;0;0.12462847;0.07649976;0;0;0;0.567832017;0;0;0;0
TCGA-EE-A29W-06A-11R-A18U-07;0.052440602;0.164389202;0.091876785;0;0;0.014405745;0;0.635198375;0.001794196;0.004054734;0;0
TCGA-D3-A3C7-06A-11R-A18U-07;0;0.053767948;0.329494797;0;0;0.017465875;0;0.062968385;0;0.134971738;0.281282445;0
TCGA-D3-A3C6-06A-12R-A18U-07;0;0.322931323;0;0;0;0.007372908;0;0.44449656;0;0.136487592;0;0
TCGA-DA-A1I1-06A-12R-A18U-07;0;0.211519557;0.176088465;0;0;0.016479091;0;0.228640882;0;0.037080749;0.16529118;0
TCGA-EE-A29A-06A-12R-A18U-07;0;0.05663299;0.229312599;0;0;0.0110942;0;0.555918737;0;0.024762268;0;0
TCGA-EE-A20B-06A-11R-A18U-07;0.129753992;0.228437539;0;0;0;0.024226647;0;0.428923311;0;0.028369011;0.014984312;0
TCGA-EE-A29B-06A-11R-A18U-07;0.183724849;0.018524245;0.091354993;0;0;0.014952183;0;0.586540532;0;0;0.010491662;0
TCGA-EE-A2GJ-06A-11R-A18U-07;0;0.078653101;0;0;0;0.01671718;0;0.175903462;0;0.034071964;0.361328542;0
TCGA-EE-A2M7-06A-11R-A18U-07;0.083986732;0.086236338;0.090321646;0;0.030872263;0.010125769;0;0.537669718;0;0;0.008596848;0
TCGA-ER-A195-06A-11R-A18U-07;0.076199867;0;0.193483903;0;0.087411477;0.003321151;0.059383382;0.123504644;0;0.075886875;0.071756878;0
TCGA-ER-A194-01A-11R-A18U-07;0.144156092;0;0.103024014;0;0;0.017049482;0.218143017;0;0;0;0.410472314;0.00060009
TCGA-BF-A1PV-01A-11R-A18U-07;0;0;0.297091321;0;0;0;0;0.498821554;0;0.036047342;0;0
TCGA-EB-A299-01A-21R-A18U-07;0.095872507;0;0.139732452;0;0.029075296;0.001724189;0;0.363229647;0.119593132;0;0.090142118;0
TCGA-D3-A2JH-06A-11R-A18T-07;0.089206274;0.255046634;0.016371179;0;0;0.081186845;0;0.269807752;0;0.018820166;0.105832447;0
TCGA-D3-A2JF-06A-11R-A18S-07;0;0.400704687;0.055122944;0;0;0.055646934;0;0.095903543;0;0;0.311455022;0.000447153
TCGA-EE-A29R-06A-11R-A18T-07;0;0.283106157;0.204646093;0;0;0.014053955;0;0.364732687;0;0.055725525;0.016287185;0.00152578
TCGA-EE-A29Q-06A-11R-A18T-07;0.105268496;0.054240961;0.150035701;0;0;0;0;0.598090944;0.002806565;0;0;0
TCGA-D3-A2JG-06A-11R-A18T-07;0;0;0.181969567;0.196237853;0.013136819;0;0;0.424268004;0.000340023;0;0;0
TCGA-GN-A263-01A-11R-A18T-07;0;0.293875113;0.233159066;0;0;0.011861172;0;0.289774947;0;0.029520602;0.023849917;0
TCGA-FS-A1ZS-06A-12R-A18T-07;0;0;0.477193341;0;0;0.003212416;0;0.293377103;0;0.110191565;0.090744849;0.004976371
TCGA-D3-A1Q7-06A-11R-A18T-07;0;0.188768612;0.150004086;0;0;0.048615306;0.020567683;0;0;0.042433635;0.307798522;0
TCGA-EE-A2GU-06A-11R-A18T-07;0.147840998;0.333186903;0;0;0;0.027512404;0;0.133596623;0;0.016549888;0.082366091;0.000890146
TCGA-FS-A1Z0-06A-11R-A18T-07;0.133746873;0.216213702;0.005106626;0;0.022432566;0.016563026;0;0.436518077;0;0.001213981;0.042779278;0
TCGA-DA-A1I4-06A-11R-A18U-07;0.003328848;0.20388892;0.309107807;0;0;0.061360212;0;0.157924523;0;0.054009164;0.086379819;0
TCGA-EE-A2ME-06A-11R-A18T-07;0.064002701;0.280885116;0;0;0.169500066;0.014156504;0;0.143703313;0;0;0.185426839;0
TCGA-ER-A198-06A-11R-A18T-07;0.003809705;0;0.142622548;0;0.068589972;0.009279069;0;0.485690576;0;0;0.062422256;0
TCGA-EE-A2MG-06A-11R-A18T-07;0.074378747;0.221654756;0.21082297;0;0;0.015203223;0;0.171226486;0;0;0.091560087;0
TCGA-GN-A266-06A-11R-A18T-07;0.007431536;0.294938107;0;0;0;0.03305634;0;0.187804842;0;0;0.302594935;0
TCGA-FS-A1ZD-06A-11R-A18T-07;0.028407574;0.284541923;0.295331336;0;0;0;0;0.265867332;0;0.013329129;0.006208465;0.029431188
TCGA-EE-A29E-06A-11R-A18T-07;0;0;0.364401923;0.066558735;0;0.010749009;0.004800084;0.166108048;0;0.12743817;0.06193482;0.010146803
TCGA-FS-A1ZE-06A-11R-A18T-07;0.006326445;0;0.154001596;0;0;0.004822656;0;0.601331094;0;0;0;0
TCGA-D3-A2J9-06A-11R-A18T-07;0.039901207;0.124502053;0.231872596;0;0;0.103067219;0;0.110039746;0;0.022334527;0.076497552;0
TCGA-D3-A1Q3-06A-11R-A18T-07;0;0.181231623;0.274172855;0;0;0.005613907;0;0.151693821;0;0.035320408;0.162223108;0
TCGA-D3-A1QB-06A-11R-A18T-07;0;0.108888751;0.147822137;0;0;0.063183235;0.148906641;0;0;0.05002282;0.220642166;0
TCGA-DA-A1HY-06A-11R-A18T-07;0;0.187455305;0.397245267;0;0;0.011110067;0;0.170748285;0;0.096147395;0.096138788;0.001432522
TCGA-EE-A29D-06A-11R-A18T-07;0;0.131044213;0.403960723;0;0;0.013723781;0;0.172726472;0;0.052125727;0;0.001792304
TCGA-D3-A1Q4-06A-11R-A18T-07;0.07360304;0.244465368;0.150243819;0;0;0.006358356;0;0.477491073;0;0;0.011828153;0
TCGA-EE-A29S-06A-11R-A18T-07;0.076730354;0;0.340450993;0;0;0;0;0.302885717;0;0.039963077;0.013417092;0.000920492
TCGA-FS-A1ZM-06A-12R-A18S-07;0.025926937;0.157367743;0.057117808;0;0.0726022;0.059018049;0;0.175174646;0;0;0.284492418;0
TCGA-FS-A1ZY-06A-11R-A18S-07;0.149571969;0;0.045308748;0.162534838;0;0;0;0.453556541;0;0;0;0.003240915
TCGA-EE-A29T-06A-11R-A18T-07;0.029116293;0.283775478;0;0;0.020176152;0.005828324;0;0.389549423;0;0.0718979;0.011708638;0
TCGA-EE-A29C-06A-21R-A18S-07;0;0.014096372;0.305825996;0;0;0.023243312;0.069177306;0.270573774;0;0.023120364;0.106812863;0.005508473
TCGA-EE-A2A0-06A-11R-A18T-07;0;0.259457322;0.161128082;0;0.034926516;0.010303235;0;0.233898146;0;0;0.133486036;0
TCGA-FS-A1Z7-06A-11R-A18T-07;0;0;0.338489406;0;0.012907555;0;0;0.27848485;0;0.070751955;0.077545859;0
TCGA-EE-A2GH-06A-11R-A18T-07;0.030844942;0;0.227120129;0;0.075806001;0.020011084;0;0.237533468;0;0.002255072;0.072235528;0
TCGA-EE-A2A6-06A-11R-A18T-07;0.055578952;0.145111772;0.240504903;0;0;0.022891442;0;0.198237945;0;0.012983845;0.142824971;0
TCGA-ER-A2NF-06A-11R-A18T-07;0;0;0.183767841;0.134464488;0;0.002602826;0;0.510554556;0;0;0.003039024;0.001145682
TCGA-FS-A1ZP-06A-11R-A18T-07;0;0.283402821;0;0;0.034272886;0.024836159;0;0.387116854;0;0.014795062;0.016043953;0
TCGA-FS-A1ZW-06A-12R-A18T-07;0.016075693;0.278391471;0.171703727;0;0.011762393;0.037298844;0;0.221396349;0;0;0.012734355;0
TCGA-FS-A1Z4-06A-11R-A18T-07;0.16849895;0;0;0.008356651;0.022917813;0.009962358;0;0.356687189;0;0;0.176561793;0
TCGA-FS-A1ZZ-06A-11R-A18S-07;0;0;0.292264285;0;0.019623964;0.001336228;0;0.506727619;0;0.024313808;0;0
TCGA-FS-A1ZB-06A-12R-A18S-07;0.02144985;0;0;0;0;0;0.088588174;0.226497804;0;0.033389863;0.240926838;0
TCGA-FS-A1ZF-06A-12R-A18S-07;0;0;0.312871982;0;0;0.012404767;0;0.395522228;0;0.013992823;0;0.000787014
TCGA-ER-A2NH-06A-11R-A18S-07;0;0.23046839;0.007176269;0;0;0.086493815;0.030998283;0.012148498;0;0.1214735;0.329005645;0
TCGA-ER-A2NC-06A-11R-A18T-07;0;0.208606157;0.151851376;0;0;0.009980596;0;0.143114961;0;0;0.342404858;0
TCGA-EB-A1NK-01A-11R-A18T-07;0.058666911;0.102522415;0;0;0.026145992;0.003838473;0.006154353;0.227497334;0.188755879;0;0.034802855;0
TCGA-GN-A26C-01A-11R-A18T-07;0;0.294610624;0.141305245;0;0;0.046459036;0;0.052283909;0;0.000810408;0.385864116;0
TCGA-BF-A1PU-01A-11R-A18S-07;0;0;0;0.172368272;0;0;0;0.513222713;0.000456157;0.064488125;0;0
TCGA-ER-A19T-01A-11R-A18T-07;0.003652906;0;0.291815216;0.049459301;0;0;0;0.513293935;0;0;0;0.000903716
TCGA-ER-A196-01A-11R-A18T-07;0.02628719;0;0.198656506;0;0.067227388;0;0;0.430427326;0.219165558;0;0;0.001616929
TCGA-EE-A2A5-06A-11R-A18T-07;0;0.197911636;0;0;0;0.003193528;0;0.6110692;0.004305346;0;0;0
TCGA-EE-A182-06A-11R-A18T-07;0.245676037;0;0;0;0;0.016421552;0.413338072;0;0.02683614;0.030405855;0.061685384;0
TCGA-EE-A2GN-06A-11R-A18S-07;0.001611971;0.22717869;0.023649396;0;0;0.012114995;0;0.536177176;0;0;0;0
TCGA-EE-A2GM-06B-11R-A18S-07;0;0;0.111582288;0.040765572;0;0.004073973;0;0.530943857;0;0;0;0
TCGA-EE-A2GL-06A-11R-A18S-07;0.159294324;0.035700912;0.055849851;0;0.097399703;0.058030679;0;0.419562044;0;0.016024529;0.051475329;0
TCGA-EE-A2GO-06A-11R-A18S-07;0.009696474;0.00600008;0.445633769;0;0;0.01048421;0;0.448731047;0;0.01080742;0;0
TCGA-EE-A29V-06A-12R-A18S-07;0;0;0.191689546;0;0;0.017931218;0.122366278;0.228911303;0.029820913;0;0;0.003950537
TCGA-EE-A20F-06A-21R-A18S-07;0.073541659;0;0;0.193828261;0;0.011604256;0;0.226919416;0;0.042322662;0.052692221;0
TCGA-ER-A2NE-06A-21R-A18T-07;0;0;0.182864878;0.066058448;0;0;0;0.40376506;0;0.047598535;0;0.004047954
TCGA-D3-A2JK-06A-11R-A18S-07;0;0;0.185211023;0.22350763;0;0.012252145;0.085107285;0.150559668;0;0.160765256;0;0.005220835
TCGA-EE-A29N-06A-12R-A18S-07;0.043963546;0.052528907;0.127537971;0;0;0.064407634;0;0.291214519;0;0;0.246732175;0
TCGA-EE-A2MD-06A-11R-A18T-07;0.016191705;0;0.034517085;0.076077451;0;0;0;0.492318149;0;0;0.018597867;0.000896145
TCGA-EE-A2GE-06A-11R-A18T-07;0;0.248415803;0;0;0.117707164;0.050869571;0;0.150900927;0;0.010622024;0.101358412;0
TCGA-DA-A1I8-06A-11R-A18T-07;0;0.119803451;0.302848243;0;0;0.019753823;0;0.253955382;0;0.042869756;0.090821012;0.002062697
TCGA-D3-A2J8-06A-11R-A18T-07;0;0;0.485961151;0;0;0.017333031;0;0.141969663;0;0.142786346;0.032609831;0.005189997
TCGA-GN-A26D-06A-11R-A18T-07;0.002318319;0.124614107;0.047361267;0;0.054541929;0.00030105;0;0.337443356;0;0;0.007126075;0
TCGA-GN-A262-06A-11R-A18T-07;0;0;0.105290323;0.196420377;0.045414331;0;0;0.533460773;0.000773675;0;0;0
TCGA-FS-A1ZK-06A-11R-A18T-07;0;0;0.331428439;0.034694067;0;0.011711534;0;0.275588164;0;0.053301491;0.094850622;0.002526771
TCGA-FS-A1ZU-06A-12R-A18T-07;0.103926088;0;0.037753876;0.002645954;0.027140146;0;0;0.690934974;0.002563604;0;0;0
TCGA-FS-A1YW-06A-11R-A18T-07;0;0.283065563;0;0.050298677;0;0.015489554;0;0.41918619;0;0;0.018940965;0.002678653
TCGA-EE-A29X-06A-11R-A18T-07;0.108749457;0;0.026688372;0;0;0.011634244;0.199396296;0.018685212;0;0;0.177856607;0
TCGA-EE-A29G-06A-12R-A18T-07;0.134184578;0.002215783;0;0;0;0.014576784;0;0.393886607;0.185221778;0;0;0
TCGA-EE-A17Z-06A-11R-A18S-07;0.02393561;0;0.093174643;0.053824759;0;0;0;0.713967071;0.006639767;0;0;0.000239451
TCGA-EE-A183-06A-11R-A18S-07;0.230890644;0;0.082525213;0;0;0.017845612;0.297568528;0;0;0;0.094298441;0
TCGA-EB-A24D-01A-11R-A18T-07;0;0.360022113;0;0;0;0.007917526;0;0.433007155;0.010636681;0;0;0
TCGA-EE-A3AB-06A-11R-A18S-07;0;0.174911123;0.079740055;0;0;0.024399509;0;0.332149169;0;0.026901795;0.191185663;0.000426362
TCGA-EE-A2MT-06A-11R-A18S-07;0;0.238841327;0.182032911;0;0;0.014917673;0;0.254643727;0;0.130174959;0.011349702;0.001309991
TCGA-EE-A3AF-06A-11R-A18S-07;0.086962345;0;0.046622736;0;0;0.012629706;0.013046716;0.300374058;0;0;0.088512754;0
TCGA-EE-A2MK-06A-11R-A18S-07;0;0.351683468;0;0;0;0.044215323;0;0.309116941;0;0.046801208;0.07391224;0
TCGA-EE-A3AA-06A-11R-A18S-07;0.001204602;0;0.153873535;0;0.125763393;0;0;0.23946788;0;0;0.231653322;0
TCGA-EE-A2GT-06A-12R-A18S-07;0.20451483;0;0.014289998;0;0;0.006359686;0;0.203838943;0;0.01266855;0.054317586;0
TCGA-EE-A2MQ-06A-11R-A18S-07;0;0;0.33368348;0;0;0;0;0.399730529;0;0.060612951;0;0
TCGA-EE-A2M8-06A-12R-A18S-07;0;0.176286811;0;0;0.002572553;0.119563935;0;0.278231985;0;0.015511319;0.217118914;0
TCGA-EE-A2GP-06A-11R-A18S-07;0.016548281;0.154265044;0.051604524;0;0;0.024266552;0;0.36389351;0;0;0.120655485;0
TCGA-D3-A3CB-06A-11R-A18S-07;0.041060441;0.220464369;0;0;0.050358663;0.079420122;0;0.158328893;0;0;0.205035647;0
TCGA-DA-A1I7-06A-22R-A18S-07;0;0.14736616;0.171165755;0;0.062139888;0;0;0.314665275;0;0.120815763;0;0
TCGA-BF-A1PX-01A-12R-A18T-07;0;0.041942306;0.135583365;0;0;0.040409346;0;0.247775335;0.070835934;0.030551614;0.067428852;0.001404492
TCGA-GF-A2C7-01A-11R-A18T-07;0;0;0.081702469;0;0.046838351;0;0;0.554647528;0.099443459;0.010874161;0;0
TCGA-EE-A17X-06A-11R-A18S-07;0;0;0.313357014;0.018989;0;0.007400741;0.173515103;0.127331785;0;0.051570259;0;0.006022557
TCGA-ER-A19F-06A-11R-A18S-07;0;0;0.440980127;0;0;0.000908506;0;0.386218087;0;0.0376734;0;0
TCGA-ER-A199-06A-11R-A18T-07;0.239426251;0.082736537;0;0;0.109175705;0.002933191;0;0.410655631;0;0;0.022460954;0
TCGA-EE-A20C-06A-11R-A18S-07;0;0;0;0.224007897;0.17035172;0;0;0.46020373;0.000364836;0.01256664;0;0
TCGA-D9-A1JX-06A-11R-A18S-07;0.041220592;0;0.183541715;0;0;0.04257602;0;0.255290389;0;0.026744607;0.046924575;0
TCGA-DA-A1I5-06A-11R-A18T-07;0;0.252734072;0.058884243;0;0;0.028997444;0;0.079938632;0;0.124583001;0.062126962;0
TCGA-D9-A149-06A-11R-A18S-07;0.022874523;0;0.430116303;0;0;0.015521038;0;0.141724265;0;0;0.013093401;0
TCGA-D9-A148-06A-11R-A18S-07;0;0.268246757;0.081530889;0;0;0.00889704;0;0.311786547;0;0;0.007748892;0.002973828
TCGA-D3-A1Q9-06A-11R-A18T-07;0;0.044717806;0.108135889;0;0;0.005800971;0;0.309729049;0;0.068545547;0.019993372;0
TCGA-D3-A2JO-06A-11R-A18S-07;0.196538827;0.110810914;0;0;0;0.053271399;0;0.292781354;0;0.004642052;0.133744272;0
TCGA-D3-A1Q8-06A-11R-A18T-07;0;0.192495842;0;0;0;0;0;0.2174784;0;0.192149786;0.175687572;0
TCGA-ER-A2NG-06A-11R-A18T-07;0;0.415249985;0.1356012;0;0;0.024442666;0.007039135;0.033014297;0;0;0.19029036;0.006077967
TCGA-EE-A20H-06A-11R-A18S-07;0;0;0.254692691;0;0;0.003676525;0;0.532245739;0.000196719;0.032258794;0;0
TCGA-FS-A1ZH-06A-11R-A18T-07;0.008290828;0.145062779;0.099713732;0;0;0.021688355;0;0.276873749;0;0.030726539;0.191135988;0
TCGA-D3-A1Q1-06A-21R-A18T-07;0.004334861;0.10568565;0.002824484;0;0.116679661;0.001142565;0;0.699179654;0.001873482;0;0;0
TCGA-ER-A19E-06A-11R-A18S-07;0.035948394;0.038007912;0.278069599;0;0;0.006039818;0;0.545993836;0;0;0.068522414;0.004936942
TCGA-ER-A19O-06A-11R-A18S-07;0.277592827;0;0;0;0.001202233;0.030299516;0.22200982;0.004521571;0;0.095394218;0.190627748;0
TCGA-ER-A19D-06A-11R-A18S-07;0.012978123;0.285321827;0;0;0;0.011613311;0;0.359414251;0;0;0.180226274;0
TCGA-D3-A3C3-06A-12R-A18S-07;0;0;0.064052671;0.44399764;0;0.010398992;0;0.32068461;0;0.039970281;0.011195604;0.002506758
TCGA-FS-A1YY-06A-11R-A18T-07;0;0;0.31672963;0;0;0.005249902;0.004669731;0.281569572;0;0.048531647;0;0.001405411
TCGA-D3-A3C1-06A-12R-A18S-07;0;0;0.099072469;0.12374409;0;0.000750479;0;0.361248732;0;0.207163684;0;0.003322685
TCGA-FS-A1ZG-06A-11R-A18T-07;0;0;0.282751408;0;0;0;0;0.518214654;0;0;0.009779653;0.000893209
TCGA-D3-A1QA-06A-11R-A18T-07;0;0;0;0.28196433;0.089247959;0;0;0.466722993;0;0.009533673;0.00374995;0.00093981
TCGA-FS-A1YX-06A-11R-A18T-07;0;0.175006153;0.041640738;0;0.017827256;0.003578073;0;0.472185688;0;0.073253725;0.002446824;0
TCGA-EE-A181-06A-11R-A18S-07;0.039984249;0.087511974;0.126434805;0;0;0.013088663;0.006026878;0;0;0;0.309138059;0.002503702
TCGA-DA-A1HV-06A-21R-A18S-07;0.011535556;0.235768085;0;0;0;0.035649047;0;0.170066118;0;0;0.186154333;0
TCGA-DA-A1IA-06A-11R-A18S-07;0;0.071516234;0;0.12471656;0;0.019854926;0.231947774;0.370925868;0.001430473;0.054846615;0;0.007583881
TCGA-DA-A1IB-06A-11R-A18S-07;0.065336614;0.227156219;0;0;0.150787445;0.039107015;0;0.165099053;0;0;0.165678306;0
TCGA-EE-A29L-06A-12R-A18S-07;0.003098199;0.125308167;0.191729092;0;0;0.009406021;0;0.490515143;0.001182132;0;0.002271901;0.002173115
TCGA-ER-A19B-06A-11R-A18S-07;0;0.247754257;0;0;0.032195518;0.043816818;0;0.384167199;0;0;0.163519638;0
TCGA-EE-A3AH-06A-11R-A18S-07;0;0;0.392514282;0;0;0;0;0.350036135;0;0.003012071;0;0.00132502
TCGA-ER-A197-06A-32R-A18S-07;0.054158974;0.086950124;0;0;0.163864416;0.013311629;0;0.355446887;0;0;0.179729953;0
TCGA-ER-A193-06A-12R-A18S-07;0.11443055;0;0.205212239;0;0;0.017244341;0;0.156787544;0;0.020948865;0.207001001;0.001731233
TCGA-EE-A3AD-06A-11R-A18S-07;0;0.044287284;0.461789751;0;0;0.010666929;0;0.262541191;0;0.027914647;0;0.003130999
TCGA-EE-A3AE-06A-11R-A18S-07;0.060562199;0.011630028;0.207140642;0;0.024291493;0;0;0.296570525;0;0;0.173115194;0
TCGA-EE-A2MS-06A-11R-A18S-07;0.05494441;0;0.33009045;0;0;0.016648286;0;0.24135107;0;0;0;3.65E-05
TCGA-EE-A2MR-06A-11R-A18S-07;0.007679803;0.103017826;0.07181176;0;0;0.026594644;0;0.151131667;0;0;0.419490288;0
TCGA-EE-A2ML-06A-11R-A18S-07;0;0.202186314;0.269958226;0;0;0.021840278;0;0.186342818;0;0.041424622;0.058371739;0
TCGA-EE-A2M5-06A-12R-A18S-07;0;0;0.295433875;0;0;0.020829391;0;0.395919607;0;0.064649024;0.192909391;0.003420081
TCGA-EE-A2MH-06A-11R-A18S-07;0.084467443;0;0.12759825;0;0;0.034914107;0;0.340064897;0;0.063744389;0.176942554;0
TCGA-EE-A29H-06A-12R-A18S-07;0;0.071833064;0.263776422;0;0;0.006070649;0;0.40139458;0;0.00428003;0.013262415;0.000199169
TCGA-EE-A2M6-06A-12R-A18S-07;0.06968177;0;0.163785929;0.248546549;0;0;0;0.389294242;0;0;0.046966856;0.001894848
TCGA-EE-A2GK-06A-11R-A18S-07;0.218576625;0.108532948;0;0;0.158973495;0.076553526;0;0.315873767;0;0;0.04472226;0
TCGA-EE-A185-06A-11R-A18S-07;0;0.100849966;0.13100478;0;0;0;0;0.552699796;0.008084005;0;0;0.005801668
TCGA-EE-A3AC-06A-11R-A18S-07;0.046020096;0.254478047;0;0;0;0.010719588;0;0.408021341;0;0;0.040037181;0
TCGA-ER-A19C-06A-11R-A18S-07;0;0;0.353696947;0.279349077;0;0;0;0.109528994;0;0.048310585;0;0.002207253
TCGA-ER-A19P-06A-11R-A18S-07;0.072527423;0.2910299;0;0;0.010428213;0.081416325;0;0.155396689;0;0;0.165464825;0
TCGA-FS-A1ZJ-06A-12R-A18S-07;0;0;0.092743841;0.071929709;0;0;0;0.636450016;0;0;0.012317768;0.005642891
TCGA-ER-A19L-06A-12R-A18S-07;0.064575291;0.268232535;0;0;0;0.003804229;0;0.515708009;0;0.011420093;0.0058272;0
TCGA-EE-A2MM-06A-11R-A18S-07;0.052751873;0;0.158099604;0;0;0.003274864;0;0.679888731;0;0.020954628;0;0
TCGA-EE-A2MN-06A-11R-A18S-07;0.078401707;0;0.122156443;0.143325301;0;0.003174376;0;0.260058994;0;0;0.160699428;0
TCGA-EE-A2MP-06A-11R-A18S-07;0.055938165;0.275791636;0;0;0;0.031078308;0;0.184740861;0;0.081121456;0.101757085;0.00059929
TCGA-EE-A3AG-06A-31R-A18S-07;0.046725732;0;0.182093551;0;0;0;0;0.600721675;0.000309431;0;0;0
TCGA-ER-A19N-06A-11R-A18S-07;0;0.209193742;0.000186182;0;0.113295992;0.023322153;0;0.148125632;0;0;0.260987085;0
TCGA-D9-A1X3-06A-11R-A18S-07;0;0;0;0.054473102;0.124846324;0;0;0.490396051;0;0.019627753;0;0
TCGA-EE-A2GS-06A-12R-A18S-07;0;0;0.236682053;0;0;0;0;0.561140016;0;0.00437249;0;0
TCGA-EE-A184-06A-11R-A18S-07;0;0.000320703;0.102922337;0;0;0.006790413;0;0.49314431;0;0;0.037263312;0.000908578
TCGA-DA-A1IC-06A-11R-A18S-07;0;0;0.254007204;0;0;0.004980699;0;0.32755447;0;0.223982612;0;0
TCGA-EE-A2MJ-06A-11R-A18S-07;0.071912861;0.029574632;0.372155915;0;0;0.026112862;0;0.114010923;0;0;0.147503193;0.004516775
TCGA-EE-A2MU-06A-21R-A18S-07;0;0.229232833;0.013555405;0;0;0.018142416;0;0.107220859;0;0;0.4773048;0.00211072
TCGA-ER-A19J-06A-11R-A18S-07;0.003721864;0;0.180962121;0;0;0;0;0.644610873;0;0;0.004076382;0.000145108
TCGA-D3-A2JL-06A-11R-A18S-07;0;0.132525506;0.296788458;0;0;0.036094647;0;0.124312413;0;0;0.263286643;0.002249407
TCGA-D3-A2JP-06A-11R-A18S-07;0;0;0;0.045602664;0;0.007570034;0;0.522014568;0;0.069466445;0.107524623;0
TCGA-D3-A2JN-06A-11R-A18S-07;0;0.022179384;0.391073435;0;0;0.004603336;0;0.328144579;0;0.019419771;0.105485259;0.000863316
TCGA-D3-A3CC-06A-11R-A18S-07;0.01689737;0;0.335759714;0.116893695;0;0;0;0.376802649;0;0;0.025351631;0
TCGA-D3-A3BZ-06A-12R-A18S-07;0.023032561;0.216905442;0.075808504;0;0;0.013440003;0.17102814;0;0;0.025241436;0.262762485;0
TCGA-D3-A3CE-06A-11R-A18S-07;0.10355391;0.070089625;0;0;0.113397051;0.012045861;0;0.400743588;0;0;0.009602081;0
TCGA-D3-A3C8-06A-12R-A18S-07;0;0.311544328;0;0;0;0.146055158;0.027135017;0.025712954;0;0.063398729;0.342670617;0
TCGA-BF-A1Q0-01A-21R-A18S-07;0;0.003012745;0.244962803;0;0;0.013007404;0;0.22738712;0;0;0.379825887;0.005906905
TCGA-BF-A1PZ-01A-11R-A18S-07;0;0.108165526;0.289918145;0;0;0.015678582;0;0.344688904;0;0.022511615;0.025329493;0.00730724
TCGA-ER-A19H-06A-12R-A18S-07;0.105122306;0;0.16795596;0;0;0.003136812;0;0.481813479;0;0;0.028179314;0
TCGA-D9-A1JW-06A-11R-A18S-07;0;0.186277822;0;0;0;0.009216777;0;0.30219146;0;0;0.148032134;0
TCGA-FS-A1ZA-06A-11R-A18T-07;0.106949133;0.127056921;0.077379826;0;0.002803153;0.013608809;0;0.571608597;0;0.028280214;0.01031457;0
TCGA-D3-A2J6-06A-11R-A18T-07;0;0.133585149;0.12223507;0;0;0.037066927;0.046636068;0.253292836;0;0;0.230608491;0.006248196
TCGA-EE-A2MC-06A-12R-A18S-07;0.0525198;0.104986334;0.095488988;0;0;0.037353597;0;0.263508785;0;0;0.300335714;0.000921259
TCGA-EB-A41A-01A-11R-A24X-07;0;0.063810513;0.437227622;0;0;0.011264784;0;0.202398952;0.001953221;0.007846951;0;0.00019889
TCGA-FS-A4F2-06A-11R-A24X-07;0;0;0.408445484;0;0;0;0;0.449388034;0;0;0.009484211;0.0034854
TCGA-ER-A42K-06A-11R-A24X-07;0;0.13097027;0.202788143;0;0;0.003487593;0;0.301337306;0;0;0.232341181;0
TCGA-DA-A3F3-06A-11R-A20F-07;0;0;0.08648252;0.007688513;0;0;0;0.737360198;0;0;0.018538301;0
TCGA-EB-A57M-01A-51R-A311-07;0.284486622;0.002383201;0;0;0;0.012640819;0.147946297;0.200021162;0.09556211;0;0.005853094;0.004402016
TCGA-FR-A69P-06A-21R-A311-07;0;0;0.276900736;0;0;0.004903178;0;0.524009936;0;0;0;0.000950324
TCGA-EB-A5UN-06A-11R-A311-07;0;0.139716491;0.379109889;0;0;0.012580871;0;0.153704871;0;0.078755915;0.027006043;0.009727949
TCGA-RP-A693-06A-13R-A311-07;0.042114727;0.075150627;0.224664246;0;0;0.011134324;0;0.202280363;0;0;0.22261032;0
TCGA-RP-A690-06A-11R-A311-07;0.005132905;0;0.187803646;0.304790129;0;0;0;0.418589795;0;0;0.004540961;0.005183673
TCGA-QB-A6FS-06A-11R-A311-07;0.291227483;0;0.007601352;0;0;0.022404096;0.30121192;0;0;0;0.167570332;0
TCGA-DA-A3F2-06A-11R-A20F-07;0.124398701;0.189838832;0;0;0;0.07625074;0.2538468;0;0;0.133591866;0.012568023;0.010697333
TCGA-RP-A695-06A-11R-A311-07;0;0.347229084;0;0;0;0.011600218;0;0.165368776;0;0.081528945;0;0
TCGA-RP-A694-06A-11R-A311-07;0;0.144397183;0.108305843;0;0.10040359;0;0;0.116187985;0;0;0.106161099;0
TCGA-EB-A5UL-06A-11R-A311-07;0.007411913;0;0.365669054;0;0;0.012132247;0;0.123601103;0;0;0.189106463;0.002038147
TCGA-EB-A5UM-01A-11R-A311-07;0.009988756;0;0.174804562;0.196951068;0;0;0;0.493931736;0;0;0.043183477;0.006349152
TCGA-D3-A5GT-01A-12R-A311-07;0.197026317;0;0.337357205;0;0;0.004831142;0;0.314108971;0;0;0;0
TCGA-EB-A5SF-01A-11R-A311-07;0.059892531;0;0;0.052114488;0;0.006359163;0.122624429;0.182206435;0.511182592;0;0;0.003950717
TCGA-EB-A5SE-01A-11R-A311-07;0;0.020795491;0.222832596;0;0;0.015521597;0;0.454724502;0.025924746;0;0;0
TCGA-FW-A5DY-06A-11R-A311-07;0.166870288;0.320756329;0;0;0;0.018009283;0;0.264956636;0;0;0.048056068;0
TCGA-GF-A6C8-06A-12R-A311-07;0.0013739;0.239536814;0.082889167;0;0;0.004466064;0;0.411620976;0;0.060506131;0;0
TCGA-D9-A6EA-06A-11R-A311-07;0;0.088707606;0.093563298;0;0;0;0;0.226903753;0;0;0.190618231;0
TCGA-D9-A6E9-06A-12R-A311-07;0.015183477;0;0.01582822;0;0;0.083555897;0.346002838;0;0;0.083258954;0.163794595;0.004360694
TCGA-D9-A6EC-06A-11R-A311-07;0;0.117001267;0.278353072;0;0;0.019045891;0;0.272275357;0;0.133206151;0;0.002275844
TCGA-EB-A5SH-06A-11R-A311-07;0.157465914;0;0;0.308896741;0;0;0.213032546;0.223641903;0;0;0.003920026;0.008188063
TCGA-EB-A5SG-06A-11R-A311-07;0.168097897;0.14460946;0;0;0;0.062805677;0;0.221764667;0;0;0.187530003;0.000185095
TCGA-GF-A6C9-06A-11R-A311-07;0;0.019946665;0.304530624;0;0;0.014138107;0.032847446;0.065379143;0;0.131131093;0.151365035;0
TCGA-GN-A4U9-06A-11R-A32P-07;0;0.278965651;0.009151666;0;0;0.003515504;0;0.588851987;0;0;0.006324927;0
TCGA-FR-A728-01A-11R-A32P-07;0;0.181285415;0;0;0;0.020148449;0;0.262657638;0;0.07304945;0.189242926;0
TCGA-GN-A4U5-01A-11R-A32P-07;0;0.222888627;0.099167026;0;0;0.010882823;0;0.35586434;0.038101337;0.076655645;0.050569161;0
TCGA-GN-A4U4-06A-11R-A32P-07;0;0.306078951;0.150469533;0;0;0.005511545;0;0.453540436;0.0001791;0;0;0
TCGA-GN-A4U7-06A-21R-A32P-07;0;0;0.369024551;0;0;0.027515689;0;0.273100938;0;0;0.064259357;0.006301031
TCGA-GN-A4U8-06A-11R-A32P-07;0.083246361;0.139545702;0.113185193;0;0;0.025682881;0;0.301331045;0;0;0.176616058;0
TCGA-GN-A4U8-11A-11R-A32P-07;0.07016375;0.230640017;0.174509756;0;0;0.060145419;0;0.185365628;0;0.007918078;0.094508666;0
TCGA-EB-A6QZ-01A-12R-A32P-07;0;0;0.328762928;0;0.028156299;0;0;0.407739486;0;0.024587321;0;0
TCGA-EB-A6L9-06A-11R-A32P-07;0.182307123;0.050481424;0.027877008;0;0;0.016822612;0.09167442;0.210961865;0;0.027308494;0.027146395;0.000561942
TCGA-EB-A5VV-06A-11R-A32P-07;0.196924185;0.335078328;0;0;0.052864686;0.053102291;0;0.284098002;0;0;0.020386056;0
TCGA-EB-A6R0-01A-12R-A32P-07;0;0;0.147730205;0.05094803;0;0.019541725;0;0.205896419;0;0.100174972;0.029860824;0
TCGA-FR-A726-01A-11R-A32P-07;0;0.073755479;0.260199;0;0;0.002647192;0;0.318252971;0.016100927;0.026129002;0;0
TCGA-EB-A5VU-01A-21R-A32P-07;0;0;0.299644463;0;0.041646391;0;0;0.491817507;0.087934558;0;0;0
TCGA-GF-A769-01A-32R-A32P-07;0;0.09294493;0.234395008;0;0;0.018006169;0;0.475466742;0;0.019862326;0.032170187;0.002409955
TCGA-EB-A6QY-01A-12R-A32P-07;0;0.011492621;0.352582262;0;0;0.020170366;0;0.279312365;0.184482901;0;0.077448068;0
TCGA-GN-A4U3-06A-11R-A32P-07;0;0.240397711;0.131012677;0;0;0.003491278;0;0.419412021;0;0.044233553;0;0.001529282
TCGA-D9-A6EG-06A-12R-A32P-07;0.022386713;0.404673182;0.081692849;0;0;0.0338272;0;0.168994805;0;0.026900307;0.008594163;0
TCGA-OD-A75X-06A-12R-A32P-07;0;0.020688095;0.273428264;0;0;0.00773889;0;0.453723172;0;0.078209746;0.015757416;0.002607574
TCGA-IH-A3EA-01A-11R-A20F-07;0;0;0.187810767;0.169308975;0;0;0;0.342015246;0;0;0.136572474;0.003548178
TCGA-EB-A85I-01A-11R-A352-07;0;0;0.486169321;0;0;0.036749428;0;0.094407818;0;0.096568815;0.120723234;0
TCGA-EB-A82C-01A-11R-A352-07;0;0;0.228027689;0;0;0;0;0.469739612;0.049060112;0;0;0.000106725
TCGA-EB-A85J-01A-12R-A352-07;0.034195742;0.125975413;0;0;0;0.023393638;0;0.302413787;0;0;0.211236347;0
TCGA-RP-A6K9-06A-41R-A352-07;0.009801909;0.202712547;0;0;0.053623826;0.01165606;0;0.314093871;0;0.062740306;0.012511918;0
TCGA-EB-A82B-01A-11R-A352-07;0;0;0.302572643;0;0;0.00772497;0;0.373071966;0;0;0.142811218;0.002051834
TCGA-FR-A7U8-06A-21R-A352-07;0;0;0.148544017;0.299086351;0;0;0;0.434021881;0;0;0.039026037;0.001574085
TCGA-FR-A7U9-06A-11R-A352-07;0.047202819;0;0.410423139;0;0.026204131;0;0;0.143525915;0;0.009844919;0.215300967;0
TCGA-FR-A7UA-06A-32R-A352-07;0;0.162562982;0;0;0.186494567;0.085411503;0;0.155149894;0;0.00965106;0.258506241;0
TCGA-W3-A825-06A-11R-A352-07;0.085611123;0.1454174;0.087064163;0;0;0.020891558;0;0.38691287;0;0;0.149066301;0.000306928
TCGA-W3-A824-06A-21R-A352-07;0.019169193;0.016448462;0.288721564;0;0;0.029570598;0;0.268841429;0;0;0.213123319;0
TCGA-FR-A729-06A-11R-A352-07;0.394920236;0;0;0;0.022498626;0.015670022;0.084351047;0.156909873;0;0;0.102450828;0
TCGA-BF-AAOU-01A-12R-A39D-07;0;0.175997585;0.292799176;0;0;0.001603299;0;0.201105124;0;0.048417439;0.113399153;0
TCGA-XV-AAZW-01A-12R-A40A-07;0;0;0.232917345;0;0;0.001587009;0;0.379371275;0.232006974;0;0;0
TCGA-XV-AAZY-01A-12R-A40A-07;0;0;0.356540412;0.164639995;0;0;0.213332341;0;0;0;0.198627888;0.033415493
TCGA-XV-AAZV-01A-11R-A40A-07;0.095714039;0;0.202173779;0;0;0.007362957;0.010617439;0.061346245;0.247088948;0;0.121867232;0.000618145
TCGA-BF-AAP7-01A-11R-A40A-07;0;0.141985657;0.340216959;0;0;0.022972062;0;0.100650081;0;0;0.321236984;0.005900328
TCGA-BF-AAP8-01A-11R-A40A-07;0;0;0.234094955;0.025051347;0.053196705;0;0;0.502295571;0;0.011653606;0;0
TCGA-BF-AAP6-01A-11R-A40A-07;0;0.056855695;0.049681316;0;0;0;0;0.478269734;0;0.086783421;0.007892145;0
TCGA-BF-AAP4-01A-11R-A40A-07;0;0.062481946;0.348298325;0;0;0.026507265;0;0.062701036;0;0;0.330224584;0.004430848
TCGA-BF-AAP2-01A-11R-A40A-07;0;0;0.27730375;0;0;0.00199242;0;0.508111506;0.028025829;0.003706206;0;0
TCGA-XV-AB01-06A-12R-A40A-07;0.114957669;0;0;0.416240082;0.028358144;0;0.099839195;0.109616083;0;0;0.129440031;0.000123916
TCGA-GN-A9SD-06A-11R-A40A-07;0.11549221;0.199948638;0.273965942;0;0;0.00790513;0;0.19187624;0;0;0.077788081;0
TCGA-W3-AA1V-06B-11R-A40A-07;0;0;0.306750521;0;0;0.000219118;0;0.20632875;0;0.0686291;0.267618101;0
TCGA-YD-A9TB-06A-12R-A40A-07;0.048588212;0.14734189;0.238853542;0;0;0;0;0.230374009;0;0.085690596;0;0
TCGA-XV-A9VZ-01A-11R-A38C-07;0.00802236;0;0.239932576;0.033146323;0;0;0;0.59974379;0.000520171;0;0;0
TCGA-XV-A9W5-01A-11R-A38C-07;0;0.03965537;0.429174972;0;0;0.011725545;0;0.302035748;0.025304109;0.030869285;0.10087836;0.001214802
TCGA-BF-AAOX-01A-11R-A39D-07;0;0;0.521852687;0;0;0;0.085035146;0.132987472;0.058810819;0;0;0
TCGA-DA-A95Y-06A-11R-A37K-07;0;0.09466705;0.397815159;0;0;0.031689461;0.007771505;0.19827288;0;0;0.07037385;0.007001472
TCGA-XV-A9W2-01A-11R-A39D-07;0;0;0.370563558;0;0;0.011399556;0;0.260796505;0.210447763;0.042468692;0;0.001207008
TCGA-D3-A1QA-07A-11R-A37K-07;0;0;0.233426083;0.086169252;0;0;0;0.398189869;0;0;0.076876453;0.004468281
TCGA-DA-A960-01A-11R-A37K-07;0;0;0.045703432;0.29345334;0;0.008791627;0.14338787;0.281017415;0;0.001322476;0.070911369;0.007464846
TCGA-GN-A8LN-01A-11R-A37K-07;0.063784187;0;0.184487156;0.025870204;0;0;0;0.430383709;0;0.076548915;0.000495279;0
TCGA-WE-A8K4-01A-12R-A37K-07;0;0.313020632;0.118488118;0;0;0.092747045;0.001015986;0.039047479;0;0.071325798;0.190016571;0
TCGA-BF-A9VF-01A-11R-A37K-07;0;0;0.490869999;0;0;0.010024977;0;0.281003724;0.031580767;0.021743918;0;0.001736666
TCGA-EB-A97M-01A-11R-A38C-07;0.074203705;0;0.276859694;0;0;0.000678567;0.017093784;0.086031998;0;0.314983334;0.0600598;1.06E-05
TCGA-BF-AAP1-01A-11R-A39D-07;0.118308031;0.040877664;0.422498261;0;0;0.009363163;0;0.105547624;0;0.012321081;0.019225417;0.001119451
TCGA-YG-AA3N-01A-11R-A38C-07;0.053206042;0;0;0.137837737;0.032040674;0.023631416;0.299970472;0;0.080452792;0;0.160623561;0
TCGA-WE-AAA4-06A-12R-A38C-07;0.093221289;0.056461257;0;0;0;0.046196283;0.2286983;0;0;0.013682083;0.452712098;0.014870887
TCGA-W3-AA21-06A-11R-A38C-07;0;0.266121291;0.104633639;0;0;0.002332896;0.030508595;0.495041682;0;0;0;0.007336557
TCGA-YG-AA3O-06A-11R-A38C-07;0;0.069202236;0.272077757;0;0;0.022748049;0;0.301623634;0;0;0.025549997;0
TCGA-3N-A9WD-06A-11R-A38C-07;0.046537705;0.164131797;0;0;0.076208445;0;0;0.43444136;0;0;0.179026958;0
TCGA-BF-AAP0-06A-11R-A39D-07;0;0;0.294814255;0;0;0.028584741;0.014640179;0;0;0.037456869;0.41181025;0.002124095
TCGA-W3-AA1W-06A-11R-A38C-07;0.012504765;0.108821569;0.113755495;0;0;0.076822508;0;0.204230057;0;0;0.257724118;0
TCGA-W3-AA1Q-06A-11R-A38C-07;0;0.001702915;0.025363667;0.152562122;0.174973409;0;0;0.408448886;0;0;0;0
TCGA-Z2-AA3V-06A-11R-A39D-07;0.171282515;0.001517037;0;0;0;0;0.410797869;0;0;0.042464386;0.191533649;0.027227851
TCGA-LH-A9QB-06A-11R-A38C-07;0;0.419879112;0;0;0.017948589;0.001077103;0;0.435822853;0.000449824;0;0.007531429;0
TCGA-W3-AA1O-06A-11R-A38C-07;0;0.171464096;0.292880191;0;0;0.005214575;0;0.271177126;0;0.001281739;0;0
TCGA-WE-AAA3-06A-11R-A38C-07;0.284524052;0;0.159175654;0;0;0;0;0.252249191;0;0;0.018244384;0.002614404
TCGA-YG-AA3P-06A-11R-A38C-07;0;0;0.089432076;0.305861449;0.0332629;0;0;0.477097293;0;0;0.00414695;0.000604
TCGA-WE-AAA0-06A-11R-A38C-07;0;0;0.424152437;0;0;0;0;0.34045774;0;0.053341239;0;0
TCGA-YD-A9TA-06A-11R-A39D-07;0.043424616;0.22606702;0.194605545;0;0;0.013150333;0;0.265875012;0;0;0.158694658;0.00248516
TCGA-Z2-AA3S-06A-11R-A39D-07;0.074745917;0;0.157654453;0.103534008;0;0;0;0.490104761;0;0;0.00202751;0.00091794
TCGA-W3-AA1R-06A-11R-A39D-07;0;0;0.320347196;0;0;0.024267091;0;0.266441525;0;0;0;0.00379343
TCGA-QB-AA9O-06A-11R-A39D-07;0.050948398;0.021079248;0.194289575;0;0;0.026670518;0.017900058;0.165479869;0;0;0.21791506;0.000514377
TCGA-3N-A9WC-06A-11R-A38C-07;0.062065886;0.267733745;0.043448673;0;0.003160648;0.029381245;0;0.162070087;0;0;0.20060072;0
TCGA-D3-A8GP-06A-11R-A37K-07;0;0;0.153728051;0;0;0.012929425;0;0.630270274;0;0;0;0
TCGA-FR-A8YC-06A-11R-A37K-07;0.004652687;0;0.310928646;0.071861053;0;0;0;0.47922538;0.000288938;0;0;3.01E-05
TCGA-D3-A8GR-06A-11R-A37K-07;0;0.418920176;0;0;0;0.006289438;0;0.262207367;0.000769839;0.057562373;0;0.000953383
TCGA-D3-A8GS-06A-12R-A37K-07;0;0;0.207150325;0;0;0.061663443;0;0.157596426;0;0.070960002;0.139026685;0.001533079
TCGA-DA-A95Z-06A-11R-A37K-07;0.159210829;0.274998018;0.060255797;0;0;0.00420128;0;0.404777325;0;0;0.002118367;0
TCGA-D3-A8GE-06A-11R-A37K-07;0;0.109279063;0.125782676;0;0;0.002190884;0;0.245477076;0;0;0.310262114;0
TCGA-D3-A8GI-06A-11R-A37K-07;0.144948596;0;0.068048749;0.177660896;0;0;0.382809667;0.066449719;0;0.059611073;0;0.008079584
TCGA-WE-A8ZT-06A-11R-A37K-07;0;0.117153204;0.203225724;0;0;0;0;0.422683194;0;0.052707105;0;0
TCGA-WE-A8K1-06A-21R-A37K-07;0.191345388;0;0.30486897;0;0.003578565;0.0137441;0;0.242909239;0;0.017661599;0.041983834;0
TCGA-WE-A8ZO-06A-11R-A37K-07;0;0;0.247735457;0;0.206961675;0;0;0.121343177;0;0.156927154;0.017777235;0
TCGA-WE-A8ZQ-06A-41R-A37K-07;0;0.37547877;0.221289556;0;0;0.020435611;0;0.165038181;0;0.01715873;0;0
TCGA-WE-A8ZR-06A-11R-A37K-07;0.00156976;0;0.338342098;0;0.003052833;0;0;0.289976045;0;0;0;0
TCGA-3N-A9WB-06A-11R-A38C-07;0;0.142929397;0.276748634;0;0;0.011802734;0;0.338080194;0.000811864;0.028561421;0;0.001342303
TCGA-WE-AA9Y-06A-12R-A38C-07;0.199314132;0;0.138263195;0.157853366;0;0;0.074807135;0.159355543;0;0.029583421;0.027209344;0.003908217
TCGA-D3-A8GJ-06A-11R-A37K-07;0;0;0.108214171;0;0;0.07263876;0.011622864;0.223021023;0;0;0.293162274;0
TCGA-WE-A8ZY-06A-11R-A37K-07;0.006370087;0.033290025;0.396460307;0;0;0.016063064;0;0.317433043;0;0;0;0.002023582
TCGA-WE-A8ZM-06A-11R-A37K-07;0.001829744;0.014995124;0.286354293;0;0;0.00928958;0;0.495011069;0;0;0.053399617;0
TCGA-WE-A8ZX-06A-11R-A37K-07;0.070327778;0;0.095649668;0.251433173;0.091314334;0;0;0.283101988;0;0.024539599;0.00975003;0.001881842
TCGA-FR-A8YE-06A-11R-A37K-07;0.107292095;0.232452749;0.012396376;0;0.171578101;0.012898624;0;0.234794152;0;0.081418142;0.020034683;0
TCGA-DA-A95W-06A-11R-A37K-07;0.000514461;0;0.223884469;0;0;0.000436913;0;0.575414654;0;0;0;0
TCGA-DA-A95X-06A-11R-A37K-07;0.066499972;0.152217941;0.2832185;0;0;0.00438357;0;0.217878531;0;0.018272526;0.018941491;0.00672552
TCGA-FR-A8YD-06A-11R-A37K-07;0.029991682;0;0.25083905;0;0;0.005375511;0;0.54538538;0;0;0.013971029;0.002727704
TCGA-D3-A8GM-06A-11R-A37K-07;0;0.177149943;0.092981735;0;0;0.010045767;0.011220738;0.107973775;0;0.090112403;0.045793351;0.002187886
TCGA-DA-A95V-06A-11R-A37K-07;0.248426592;0.01975373;0;0;0;0.01597145;0.001829295;0.446073115;0.000620393;0;0.015999943;0
TCGA-D3-A8GN-06A-11R-A37K-07;0.077848206;0.338695194;0.03169143;0;0;0.025203239;0;0.230720549;0;0.00048019;0.085738504;0
TCGA-D3-A8GV-06A-11R-A37K-07;0;0;0.394805797;0.025578101;0;0.017026879;0;0.277260116;0;0.050059997;0.115327287;0.004005216
TCGA-D3-A8GO-06A-11R-A37K-07;0.043022361;0.260958398;0;0;0;0.0265044;0.09614662;0.067933021;0;0;0.322311836;0
TCGA-GN-A8LK-06A-11R-A37K-07;0;0;0.328782565;0.137511143;0;0.028844073;0.242165399;0;0;0.067561063;0;0.008344398
TCGA-WE-A8K6-06A-11R-A37K-07;0;0;0.418559036;0;0;0.00815944;0;0.370895571;0;0.053379389;0.060000955;0.000215918
TCGA-WE-A8JZ-06A-11R-A37K-07;0.024467889;0.236030943;0.139343346;0;0.010654896;0.002836626;0;0.44445297;0;0.032780775;0;0
TCGA-D3-A8GK-06A-11R-A37K-07;0;0;0.161391654;0.120975243;0;0;0.010131204;0.477895437;0;0;0;0.006158767
TCGA-D3-A8GQ-06A-11R-A37K-07;0;0.059671046;0.159043266;0;0;0.007878258;0;0.546825152;0;0.020940783;0;0
TCGA-D3-A8GC-06A-11R-A37K-07;0.165588298;0.019999419;0.042962236;0;0.002310219;0.002816166;0;0.605553469;0;0;0.015055372;0
TCGA-D3-A8GL-06A-11R-A37K-07;0;0;0.530468846;0;0;0;0;0.337269406;0;0.023929639;0;0
TCGA-D3-A8GD-06A-11R-A37K-07;0.103998942;0.083323701;0.340322154;0;0;0.028950075;0;0.117329202;0;0;0.094629307;0.002425082
TCGA-D3-A2JE-06A-11R-A37K-07;0.111250571;0.081894326;0.059018399;0;0;0.002749581;0;0.639176539;0.001308224;0;0;0
TCGA-Z2-A8RT-06A-11R-A37K-07;0.007685431;0;0.214663072;0.130862765;0.165820666;0;0;0.274741337;0;0;0.061907172;0
TCGA-YD-A89C-06A-11R-A37K-07;0;0;0.345879037;0.002225349;0;0.022583134;0;0.517749171;0;0;0.025457473;0.003388212
TCGA-WE-A8ZN-06A-11R-A37K-07;0.006854568;0;0.19688956;0.008498802;0;0.030885232;0.125283072;0.073193124;0;0;0.454302568;0.00784646
TCGA-WE-A8K5-06A-11R-A37K-07;0.020663092;0;0.46311053;0;0;0;0;0.166263425;0;0;0.200701963;0
TCGA-GN-A8LL-06A-21R-A37K-07;0.03123244;0.250023771;0;0;0;0;0;0.564965466;0.002829437;0.007774404;0;0.000706305
TCGA-D3-A8GB-06A-11R-A37K-07;0.113622672;0.066459053;0.348405134;0;0;0.033276405;0;0.045282508;0;0;0.328775102;0
TCGA-W3-A828-06A-11R-A352-07;0;0.113177493;0.168486805;0;0.016821407;0;0;0.143979729;0;0.045214351;0.202374927;0
TCGA-ER-A2NB-01A-12R-A18S-07;0.136418635;0;0;0;0;0.015736728;0.248148707;0.074953394;0.37588332;0;0;0.003083901
